column,dtype,rows,non_null,nulls,null_rate,zero_rate,min,median,max
market_away_moneyline_movement,float64,2429,0,2429,1.0,0.0,,,
market_away_sp_changed,float64,2429,0,2429,1.0,0.0,,,
market_closing_total_line,float64,2429,0,2429,1.0,0.0,,,
market_current_away_moneyline,float64,2429,0,2429,1.0,0.0,,,
market_current_home_moneyline,float64,2429,0,2429,1.0,0.0,,,
market_current_total_line,float64,2429,0,2429,1.0,0.0,,,
market_home_moneyline_movement,float64,2429,0,2429,1.0,0.0,,,
market_home_sp_changed,float64,2429,0,2429,1.0,0.0,,,
market_opening_away_moneyline,float64,2429,0,2429,1.0,0.0,,,
market_opening_home_moneyline,float64,2429,0,2429,1.0,0.0,,,
market_opening_total_line,float64,2429,0,2429,1.0,0.0,,,
market_ou_vig,float64,2429,0,2429,1.0,0.0,,,
market_over_implied_prob,float64,2429,0,2429,1.0,0.0,,,
market_over_odds,float64,2429,0,2429,1.0,0.0,,,
market_starter_change_count,float64,2429,0,2429,1.0,0.0,,,
market_total_line,float64,2429,0,2429,1.0,0.0,,,
market_total_line_movement,float64,2429,0,2429,1.0,0.0,,,
market_under_implied_prob,float64,2429,0,2429,1.0,0.0,,,
market_under_odds,float64,2429,0,2429,1.0,0.0,,,
sp_fastball_velocity_diff,float64,2429,1994,435,0.17908604363935776,0.0,-12.176512008047268,-0.0326793403670393,11.67815978430538
sp_statcast_xwoba_allowed_diff,float64,2429,1994,435,0.17908604363935776,0.0,-0.4153616862010542,-0.001059123871488,0.3174190302917259
sp_whiff_rate_diff,float64,2429,1994,435,0.17908604363935776,0.0,-0.1589020122484689,0.0004437410814872,0.1553156146179402
wind_direction,str,2429,2001,428,0.1762041992589543,,,,
sp_bb_rate_public_diff,float64,2429,2134,295,0.1214491560312886,0.002881844380403458,-0.4285714285714285,-0.0014443593950511499,0.4230769230769231
sp_command_proxy_diff,float64,2429,2134,295,0.1214491560312886,0.0008233841086867024,-0.5714285714285714,-0.00125099621902835,0.6346153846153846
sp_era_diff,float64,2429,2134,295,0.1214491560312886,0.8785508439687114,0.0,0.0,0.0
sp_fip_diff,float64,2429,2134,295,0.1214491560312886,0.0004116920543433512,-29.000000000000007,-0.03642896748906715,7.970149253731343
sp_k_rate_public_diff,float64,2429,2134,295,0.1214491560312886,0.0008233841086867024,-0.4285714285714286,0.0011986914855125,0.4887005649717514
sp_run_prevention_proxy_diff,float64,2429,2134,295,0.1214491560312886,0.0004116920543433512,-29.000000000000007,-0.03642896748906715,7.970149253731343
sp_whiff_proxy_diff,float64,2429,2134,295,0.1214491560312886,0.0008233841086867024,-0.4285714285714286,0.0011986914855125,0.4887005649717514
home_sp_avg_spin_rate_to_date,float64,2429,2167,262,0.10786331823795801,0.0,1412.6220400728598,2227.747252747253,2821.5786106032906
away_sp_avg_spin_rate_to_date,float64,2429,2168,261,0.10745162618361466,0.0,1406.2267303102626,2225.0834059022736,2828.0958605664487
home_sp_avg_exit_velocity_allowed_to_date,float64,2429,2168,261,0.10745162618361466,0.0,72.60909090909091,82.40508250030109,93.91304347826087
home_sp_avg_fastball_velocity_to_date,float64,2429,2168,261,0.10745162618361466,0.0,86.3389534883721,93.17080575036596,99.66216216216216
home_sp_barrel_rate_allowed_to_date,float64,2429,2168,261,0.10745162618361466,0.03293536434746809,0.0,0.04180333157685315,0.2272727272727272
home_sp_breaking_ball_usage_to_date,float64,2429,2168,261,0.10745162618361466,0.10168793742280774,0.0,0.1893827993254637,0.6666666666666666
home_sp_fastball_usage_to_date,float64,2429,2168,261,0.10745162618361466,0.0,0.2113207547169811,0.5488502362941825,1.0
home_sp_hard_hit_rate_allowed_to_date,float64,2429,2168,261,0.10745162618361466,0.0012350761630300535,0.0,0.2404036683263896,0.6666666666666666
home_sp_offspeed_usage_to_date,float64,2429,2168,261,0.10745162618361466,0.03828736105393166,0.0,0.14169693072313572,0.625
home_sp_statcast_woba_allowed_to_date,float64,2429,2168,261,0.10745162618361466,0.0008233841086867024,0.0,0.31347135737177534,0.9392857142857144
home_sp_statcast_xwoba_allowed_to_date,float64,2429,2168,261,0.10745162618361466,0.0,0.0408333333333333,0.3176574487843245,0.7160423383749672
home_sp_whiff_rate_to_date,float64,2429,2168,261,0.10745162618361466,0.0,0.0185185185185185,0.11573397206582259,0.2619047619047619
away_sp_avg_exit_velocity_allowed_to_date,float64,2429,2169,260,0.1070399341292713,0.0,67.8,82.41542776998597,93.85
away_sp_avg_fastball_velocity_to_date,float64,2429,2169,260,0.1070399341292713,0.0,86.2359375,93.18696939782824,100.0939393939394
away_sp_barrel_rate_allowed_to_date,float64,2429,2169,260,0.1070399341292713,0.036228900782214905,0.0,0.0414593698175787,0.1794871794871795
away_sp_breaking_ball_usage_to_date,float64,2429,2169,260,0.1070399341292713,0.10745162618361466,0.0,0.1902439024390244,0.5966735966735967
away_sp_fastball_usage_to_date,float64,2429,2169,260,0.1070399341292713,0.0,0.2087912087912088,0.5518962075848304,0.961038961038961
away_sp_hard_hit_rate_allowed_to_date,float64,2429,2169,260,0.1070399341292713,0.0016467682173734047,0.0,0.2393887945670628,0.5
away_sp_offspeed_usage_to_date,float64,2429,2169,260,0.1070399341292713,0.033347056401811445,0.0,0.1385498923187365,0.5
away_sp_statcast_woba_allowed_to_date,float64,2429,2169,260,0.1070399341292713,0.0008233841086867024,0.0,0.3128019323671497,0.6892857142857143
away_sp_statcast_xwoba_allowed_to_date,float64,2429,2169,260,0.1070399341292713,0.0,0.1379363882820258,0.3161685501935358,0.5557100040059032
away_sp_whiff_rate_to_date,float64,2429,2169,260,0.1070399341292713,0.0004116920543433512,0.0,0.1152108433734939,0.2962962962962963
home_sp_bb_per_9_season_to_date,float64,2429,2242,187,0.07698641416220667,0.015644298065047343,0.0,2.7879145842798727,40.49999999999998
home_sp_bb_rate_season_to_date,float64,2429,2242,187,0.07698641416220667,0.015644298065047343,0.0,0.07399340153016234,0.4285714285714285
home_sp_command_proxy,float64,2429,2242,187,0.07698641416220667,0.011939069575957185,-0.3571428571428571,0.1428571428571428,0.6666666666666666
home_sp_era_season_to_date,float64,2429,2242,187,0.07698641416220667,0.9230135858377934,0.0,0.0,0.0
home_sp_fip_last_3_starts,float64,2429,2242,187,0.07698641416220667,0.0,-1.1857142857142864,4.076190476190476,33.1
home_sp_fip_last_5_starts,float64,2429,2242,187,0.07698641416220667,0.0,-1.1857142857142864,4.160924908424908,33.1
home_sp_fip_season_to_date,float64,2429,2242,187,0.07698641416220667,0.0,-1.1857142857142864,3.9042589599771844,33.10000000000001
home_sp_hr_per_9_season_to_date,float64,2429,2242,187,0.07698641416220667,0.07575133799917662,0.0,1.125,20.250000000000004
home_sp_ip_avg_last_3_starts,float64,2429,2242,187,0.07698641416220667,0.0,0.6666666666666666,5.444444444444444,8.0
home_sp_k_per_9_season_to_date,float64,2429,2242,187,0.07698641416220667,0.0032935364347468094,0.0,8.29194992732899,19.28571428571429
home_sp_k_rate_season_to_date,float64,2429,2242,187,0.07698641416220667,0.0032935364347468094,0.0,0.21778185883104434,0.6666666666666666
home_sp_kbb_rate_season_to_date,float64,2429,2242,187,0.07698641416220667,0.011939069575957185,-0.3571428571428571,0.1428571428571428,0.6666666666666666
home_sp_pitch_count_last_start,float64,2429,2242,187,0.07698641416220667,0.0,2.0,90.0,115.0
home_sp_rest_days,float64,2429,2242,187,0.07698641416220667,0.0004116920543433512,0.0,6.0,169.0
home_sp_run_prevention_proxy,float64,2429,2242,187,0.07698641416220667,0.0,-1.1857142857142864,3.9042589599771844,33.10000000000001
home_sp_whiff_proxy,float64,2429,2242,187,0.07698641416220667,0.0032935364347468094,0.0,0.21778185883104434,0.6666666666666666
home_sp_whip_season_to_date,float64,2429,2242,187,0.07698641416220667,0.0008233841086867024,0.0,1.2309018567639258,7.500000000000002
away_sp_bb_per_9_season_to_date,float64,2429,2245,184,0.07575133799917662,0.02058460271716756,0.0,2.7142857142857144,18.000000000000004
away_sp_bb_rate_season_to_date,float64,2429,2245,184,0.07575133799917662,0.02058460271716756,0.0,0.0723981900452488,0.5
away_sp_command_proxy,float64,2429,2245,184,0.07575133799917662,0.011527377521613832,-0.25,0.1437125748502994,0.5
away_sp_era_season_to_date,float64,2429,2245,184,0.07575133799917662,0.9242486620008233,0.0,0.0,0.0
away_sp_fip_last_3_starts,float64,2429,2245,184,0.07575133799917662,0.0,-0.8999999999999999,3.988888888888889,17.3
away_sp_fip_last_5_starts,float64,2429,2245,184,0.07575133799917662,0.0,-0.8999999999999999,4.123809523809524,17.3
away_sp_fip_season_to_date,float64,2429,2245,184,0.07575133799917662,0.0,-0.9000000000000008,3.876595744680851,12.1
away_sp_hr_per_9_season_to_date,float64,2429,2245,184,0.07575133799917662,0.07945656648826678,0.0,1.1076923076923078,9.0
away_sp_ip_avg_last_3_starts,float64,2429,2245,184,0.07575133799917662,0.0,0.6666666666666666,5.444444444444444,9.0
away_sp_k_per_9_season_to_date,float64,2429,2245,184,0.07575133799917662,0.0012350761630300535,0.0,8.255395683453237,19.8
away_sp_k_rate_season_to_date,float64,2429,2245,184,0.07575133799917662,0.0012350761630300535,0.0,0.2169117647058823,0.55
away_sp_kbb_rate_season_to_date,float64,2429,2245,184,0.07575133799917662,0.011527377521613832,-0.25,0.1437125748502994,0.5
away_sp_pitch_count_last_start,float64,2429,2245,184,0.07575133799917662,0.0004116920543433512,0.0,90.0,118.0
away_sp_rest_days,float64,2429,2245,184,0.07575133799917662,0.0004116920543433512,0.0,5.0,137.0
away_sp_run_prevention_proxy,float64,2429,2245,184,0.07575133799917662,0.0,-0.9000000000000008,3.876595744680851,12.1
away_sp_whiff_proxy,float64,2429,2245,184,0.07575133799917662,0.0012350761630300535,0.0,0.2169117647058823,0.55
away_sp_whip_season_to_date,float64,2429,2245,184,0.07575133799917662,0.0016467682173734047,0.0,1.2187499999999998,5.400000000000002
lineup_statcast_xwoba_diff,float64,2429,2258,171,0.07039934129271305,0.0,-0.1673194332059309,-0.00032419562249915,0.3404668799382716
away_lineup_avg_exit_velocity,float64,2429,2332,97,0.03993412927130506,0.0,76.17818470557809,82.22669945667798,86.929375
away_lineup_barrel_rate,float64,2429,2332,97,0.03993412927130506,0.002470152326060107,0.0,0.04025343637140685,0.1730573710965867
away_lineup_hard_hit_rate,float64,2429,2332,97,0.03993412927130506,0.0,0.119047619047619,0.23816362902812627,0.4104166666666666
away_lineup_statcast_woba,float64,2429,2332,97,0.03993412927130506,0.0,0.1142857142857142,0.31960514993966715,0.5198290598290599
away_lineup_statcast_xwoba,float64,2429,2332,97,0.03993412927130506,0.0,0.1292134074074074,0.316162459445201,0.4570197010950887
home_lineup_avg_exit_velocity,float64,2429,2341,88,0.036228900782214905,0.0,78.86952089268756,82.23101476511614,88.80000000000001
home_lineup_barrel_rate,float64,2429,2341,88,0.036228900782214905,0.0032935364347468094,0.0,0.040215111444292,0.1836375929682217
home_lineup_hard_hit_rate,float64,2429,2341,88,0.036228900782214905,0.0,0.1514634943467298,0.238342959162552,0.3888888888888888
home_lineup_statcast_woba,float64,2429,2341,88,0.036228900782214905,0.002470152326060107,0.0,0.3190737339798594,0.5466208791208791
home_lineup_statcast_xwoba,float64,2429,2341,88,0.036228900782214905,0.0,0.1557284678357356,0.3170187910750388,0.4732323866994307
team_close_win_dependency_last_20_diff,float64,2429,2369,60,0.02470152326060107,0.05557842733635241,-1.0,0.0,1.0
away_team_one_run_win_rate_last_20,float64,2429,2370,59,0.02428983120625772,0.07369287772745986,0.0,0.5,1.0
home_team_one_run_win_rate_last_20,float64,2429,2374,55,0.022643062988884313,0.07780979827089338,0.0,0.5,1.0
away_lineup_vs_lhp_woba,float64,2429,2379,50,0.02058460271716756,0.0,0.0494444444444444,0.3140330184775352,0.577163139329806
lineup_platoon_woba_diff,float64,2429,2385,44,0.018114450391107453,0.0,-0.2527202380952381,-0.0002190287053519,0.3907248677248677
home_team_close_win_dependency_last_20,float64,2429,2387,42,0.01729106628242075,0.08316179497735694,0.0,0.2727272727272727,1.0
home_lineup_vs_lhp_woba,float64,2429,2393,36,0.014820913956360642,0.0,0.0648958333333333,0.3142291417126158,0.6055625
away_lineup_platoon_woba,float64,2429,2397,32,0.013174145738987238,0.0,0.0593333333333333,0.3119255969013292,0.5743100874163736
away_team_close_win_dependency_last_20,float64,2429,2397,32,0.013174145738987238,0.08480856319473035,0.0,0.2727272727272727,1.0
away_team_runs_for_volatility_last_10,float64,2429,2397,32,0.013174145738987238,0.0,0.5773502691896258,2.806737924669454,6.160808027812225
home_lineup_platoon_woba,float64,2429,2399,30,0.012350761630300536,0.0,0.1246428571428571,0.3125088737515208,0.5631666666666667
home_team_runs_for_volatility_last_10,float64,2429,2401,28,0.011527377521613832,0.0004116920543433512,0.0,2.8303906287138374,9.192388155425116
away_lineup_vs_rhp_woba,float64,2429,2403,26,0.01070399341292713,0.0,0.1128571428571428,0.3109372024500991,0.523038883253874
home_lineup_vs_rhp_woba,float64,2429,2409,20,0.008233841086867023,0.0,0.1225,0.3115822703073446,0.5631666666666667
away_bullpen_fip_season_to_date,float64,2429,2413,16,0.006587072869493619,0.0,-0.2333333333333334,3.871745835903763,9.7
away_bullpen_whip_season_to_date,float64,2429,2413,16,0.006587072869493619,0.0008233841086867024,0.0,1.2679738562091505,2.5
away_lineup_3to5_woba,float64,2429,2413,16,0.006587072869493619,0.0008233841086867024,0.0,0.3297734174488331,0.7273724718095579
away_lineup_avg_babip,float64,2429,2413,16,0.006587072869493619,0.0,0.0555555555555555,0.2172232431249625,0.3441358024691358
away_lineup_avg_iso,float64,2429,2413,16,0.006587072869493619,0.0008233841086867024,0.0,0.1497512061070069,0.4734093067426401
away_lineup_avg_ops,float64,2429,2413,16,0.006587072869493619,0.0,0.2142857142857142,0.7082694796919801,1.2130104463437796
away_lineup_avg_woba,float64,2429,2413,16,0.006587072869493619,0.0,0.1128571428571428,0.3138856211752349,0.5267340930674265
away_lineup_bb_rate,float64,2429,2413,16,0.006587072869493619,0.0004116920543433512,0.0,0.0820661211087773,0.20625
away_lineup_bottom4_ops,float64,2429,2413,16,0.006587072869493619,0.0012350761630300535,0.0,0.651307003769883,1.9472222222222224
away_lineup_k_rate,float64,2429,2413,16,0.006587072869493619,0.9934129271305063,0.0,0.0,0.0
away_lineup_previous_starter_missing_count,float64,2429,2413,16,0.006587072869493619,0.033347056401811445,0.0,2.0,5.0
away_lineup_previous_starter_return_rate,float64,2429,2413,16,0.006587072869493619,0.0,0.4444444444444444,0.7777777777777778,1.0
away_lineup_top3_woba,float64,2429,2413,16,0.006587072869493619,0.0004116920543433512,0.0,0.3385460852833215,0.5409506691565515
away_lineup_weighted_woba_by_order,float64,2429,2413,16,0.006587072869493619,0.0,0.12065625,0.3172929036722419,0.4689555555555556
away_lineup_xwoba_proxy,float64,2429,2413,16,0.006587072869493619,0.0,0.1128571428571428,0.3138856211752349,0.5267340930674265
away_team_5plus_run_rate_last_10,float64,2429,2413,16,0.006587072869493619,0.013585837793330589,0.0,0.4,1.0
away_team_actual_minus_pythag_last_20,float64,2429,2413,16,0.006587072869493619,0.006587072869493619,-0.36,0.0,0.4098360655737705
away_team_bb_rate_season_to_date,float64,2429,2413,16,0.006587072869493619,0.0004116920543433512,0.0,0.0829819531118232,0.2142857142857142
away_team_k_rate_season_to_date,float64,2429,2413,16,0.006587072869493619,0.9934129271305063,0.0,0.0,0.0
away_team_low_run_rate_last_10,float64,2429,2413,16,0.006587072869493619,0.045286125977768626,0.0,0.3,1.0
away_team_one_run_game_rate_last_20,float64,2429,2413,16,0.006587072869493619,0.0177027583367641,0.0,0.2941176470588235,1.0
away_team_ops_last_14d,float64,2429,2413,16,0.006587072869493619,0.0,0.3185483870967742,0.7075860507246376,1.0796747967479674
away_team_ops_last_30d,float64,2429,2413,16,0.006587072869493619,0.0,0.3185483870967742,0.7109507211234877,1.0796747967479674
away_team_ops_season_to_date,float64,2429,2413,16,0.006587072869493619,0.0,0.3185483870967742,0.7036052794755957,1.0796747967479674
away_team_pythagorean_win_pct_last_20,float64,2429,2413,16,0.006587072869493619,0.0,0.0038910505836575,0.5,1.0
away_team_recent_10g_win_rate,float64,2429,2413,16,0.006587072869493619,0.01070399341292713,0.0,0.5,1.0
away_team_recent_7g_win_rate,float64,2429,2413,16,0.006587072869493619,0.018114450391107453,0.0,0.5714285714285714,1.0
away_team_runs_allowed_per_game_to_date,float64,2429,2413,16,0.006587072869493619,0.0008233841086867024,0.0,4.340277777777778,16.0
away_team_runs_per_game_to_date,float64,2429,2413,16,0.006587072869493619,0.0,1.0,4.35,10.5
away_team_weighted_run_diff_last_10,float64,2429,2413,16,0.006587072869493619,0.0,-15.0,0.0414300973300109,8.0
away_team_weighted_run_diff_last_20,float64,2429,2413,16,0.006587072869493619,0.0,-15.0,0.0494221716815979,8.0
away_team_weighted_runs_allowed_last_10,float64,2429,2413,16,0.006587072869493619,0.0008233841086867024,0.0,4.3171327124359005,16.0
away_team_weighted_runs_for_last_10,float64,2429,2413,16,0.006587072869493619,0.0,1.0,4.326441317065118,10.62162162162162
away_team_weighted_win_rate_last_10,float64,2429,2413,16,0.006587072869493619,0.01070399341292713,0.0,0.5047144124426922,1.0
away_team_weighted_win_rate_last_20,float64,2429,2413,16,0.006587072869493619,0.006587072869493619,0.0,0.5037168568044309,1.0
away_team_woba_season_to_date,float64,2429,2413,16,0.006587072869493619,0.0,0.1428125,0.3115408067542214,0.4638888888888888
away_travel_distance_miles,float64,2429,2413,16,0.006587072869493619,0.6755866611774393,0.0,0.0,3543.9077791484715
away_travel_rest_days,float64,2429,2413,16,0.006587072869493619,0.399752984767394,0.0,1.0,6.0
away_travel_timezone_shift,float64,2429,2413,16,0.006587072869493619,0.8126801152737753,-5.0,0.0,5.0
lineup_bb_rate_diff,float64,2429,2413,16,0.006587072869493619,0.0,-0.1499999999999999,8.862971690141996e-05,0.1228738717709305
lineup_iso_diff,float64,2429,2413,16,0.006587072869493619,0.0008233841086867024,-0.3200904034237368,-0.0010832737626901,0.4805555555555555
lineup_k_rate_diff,float64,2429,2413,16,0.006587072869493619,0.9934129271305063,0.0,0.0,0.0
lineup_previous_starter_return_diff,float64,2429,2413,16,0.006587072869493619,0.27953890489913547,-0.4444444444444444,0.0,0.5555555555555556
lineup_woba_diff,float64,2429,2413,16,0.006587072869493619,0.0,-0.2329583333333333,-0.0007668558280015,0.3320073815073815
lineup_xwoba_proxy_diff,float64,2429,2413,16,0.006587072869493619,0.0,-0.2329583333333333,-0.0007668558280015,0.3320073815073815
team_5plus_run_rate_last_10_diff,float64,2429,2413,16,0.006587072869493619,0.17373404693289418,-1.0,0.0,1.0
team_actual_minus_pythag_last_20_diff,float64,2429,2413,16,0.006587072869493619,0.0016467682173734047,-0.819672131147541,0.0004739483958515,0.72
team_bb_rate_diff,float64,2429,2413,16,0.006587072869493619,0.0,-0.1642857142857142,-0.0001385309314561,0.1137881679389312
team_k_rate_diff,float64,2429,2413,16,0.006587072869493619,0.9934129271305063,0.0,0.0,0.0
team_low_run_rate_last_10_diff,float64,2429,2413,16,0.006587072869493619,0.184026348291478,-1.0,0.0,1.0
team_weighted_run_diff_last_10_diff,float64,2429,2413,16,0.006587072869493619,0.0,-16.0,-0.0869644904172732,30.0
team_weighted_runs_allowed_last_10_diff,float64,2429,2413,16,0.006587072869493619,0.0,-8.0,0.0347871915719544,15.0
team_weighted_runs_for_last_10_diff,float64,2429,2413,16,0.006587072869493619,0.0,-8.0,-0.0156116712116753,15.0
team_weighted_win_rate_last_10_diff,float64,2429,2413,16,0.006587072869493619,0.0004116920543433512,-1.0,-0.0105660486322771,1.0
team_woba_diff,float64,2429,2413,16,0.006587072869493619,0.0,-0.2380261136712749,-0.0002826184043267,0.2554278074866311
travel_distance_diff,float64,2429,2413,16,0.006587072869493619,0.6768217373404694,-2552.168129249713,0.0,2689.469726944023
travel_rest_diff,float64,2429,2413,16,0.006587072869493619,0.8987237546315356,-2.0,0.0,2.0
travel_timezone_shift_diff,float64,2429,2413,16,0.006587072869493619,0.7958007410456979,-5.0,0.0,4.0
home_lineup_top3_woba,float64,2429,2414,15,0.006175380815150268,0.0004116920543433512,0.0,0.3383196889612222,0.7692254562254562
home_bullpen_fip_season_to_date,float64,2429,2415,14,0.005763688760806916,0.0,1.6000000000000003,3.883737024221453,8.775675675675677
home_bullpen_whip_season_to_date,float64,2429,2415,14,0.005763688760806916,0.0,0.4999999999999999,1.2688953488372094,4.333333333333333
home_lineup_3to5_woba,float64,2429,2415,14,0.005763688760806916,0.0,0.0574999999999999,0.3305862470862471,0.9341666666666668
home_lineup_avg_babip,float64,2429,2415,14,0.005763688760806916,0.0004116920543433512,0.0,0.2166521313228412,0.4471028971028971
home_lineup_avg_iso,float64,2429,2415,14,0.005763688760806916,0.0012350761630300535,0.0,0.1501497102430192,0.5555555555555556
home_lineup_avg_ops,float64,2429,2415,14,0.005763688760806916,0.0,0.2333333333333333,0.7082772359183584,1.2979353979353978
home_lineup_avg_woba,float64,2429,2415,14,0.005763688760806916,0.0,0.1038333333333333,0.3136695332146019,0.5480128205128205
home_lineup_bb_rate,float64,2429,2415,14,0.005763688760806916,0.0008233841086867024,0.0,0.0818411290171561,0.2110489893941917
home_lineup_bottom4_ops,float64,2429,2415,14,0.005763688760806916,0.0012350761630300535,0.0,0.6523285899374927,1.6980748222274709
home_lineup_k_rate,float64,2429,2415,14,0.005763688760806916,0.9942363112391931,0.0,0.0,0.0
home_lineup_previous_starter_missing_count,float64,2429,2415,14,0.005763688760806916,0.0337587484561548,0.0,2.0,6.0
home_lineup_previous_starter_return_rate,float64,2429,2415,14,0.005763688760806916,0.0,0.3333333333333333,0.7777777777777778,1.0
home_lineup_weighted_woba_by_order,float64,2429,2415,14,0.005763688760806916,0.0,0.1143926553672316,0.3171103901874667,0.5947028985507247
home_lineup_xwoba_proxy,float64,2429,2415,14,0.005763688760806916,0.0,0.1038333333333333,0.3136695332146019,0.5480128205128205
home_team_5plus_run_rate_last_10,float64,2429,2415,14,0.005763688760806916,0.01399752984767394,0.0,0.4,1.0
home_team_actual_minus_pythag_last_20,float64,2429,2415,14,0.005763688760806916,0.006175380815150268,-0.4098360655737705,0.0,0.36
home_team_bb_rate_season_to_date,float64,2429,2415,14,0.005763688760806916,0.0004116920543433512,0.0,0.0828368794326241,0.2
home_team_k_rate_season_to_date,float64,2429,2415,14,0.005763688760806916,0.9942363112391931,0.0,0.0,0.0
home_team_low_run_rate_last_10,float64,2429,2415,14,0.005763688760806916,0.04405104981473858,0.0,0.3,1.0
home_team_one_run_game_rate_last_20,float64,2429,2415,14,0.005763688760806916,0.0168793742280774,0.0,0.2941176470588235,1.0
home_team_ops_last_14d,float64,2429,2415,14,0.005763688760806916,0.0,0.2,0.7033631001146976,1.1090225563909777
home_team_ops_last_30d,float64,2429,2415,14,0.005763688760806916,0.0,0.2,0.7085941592502035,1.1090225563909777
home_team_ops_season_to_date,float64,2429,2415,14,0.005763688760806916,0.0,0.2,0.7027951602888494,1.1090225563909777
home_team_pythagorean_win_pct_last_20,float64,2429,2415,14,0.005763688760806916,0.0008233841086867024,0.0,0.5,0.9961089494163424
home_team_recent_10g_win_rate,float64,2429,2415,14,0.005763688760806916,0.015232606010703994,0.0,0.5,1.0
home_team_recent_7g_win_rate,float64,2429,2415,14,0.005763688760806916,0.019349526554137506,0.0,0.4285714285714285,1.0
home_team_runs_allowed_per_game_to_date,float64,2429,2415,14,0.005763688760806916,0.0,1.0,4.357142857142857,10.5
home_team_runs_per_game_to_date,float64,2429,2415,14,0.005763688760806916,0.0008233841086867024,0.0,4.3375,16.0
home_team_weighted_run_diff_last_10,float64,2429,2415,14,0.005763688760806916,0.0,-8.0,-0.0510533725553687,15.0
home_team_weighted_run_diff_last_20,float64,2429,2415,14,0.005763688760806916,0.0,-8.0,-0.0480594705607762,15.0
home_team_weighted_runs_allowed_last_10,float64,2429,2415,14,0.005763688760806916,0.0,1.0,4.330895968549631,10.62162162162162
home_team_weighted_runs_for_last_10,float64,2429,2415,14,0.005763688760806916,0.0008233841086867024,0.0,4.31187818545867,16.0
home_team_weighted_win_rate_last_10,float64,2429,2415,14,0.005763688760806916,0.015232606010703994,0.0,0.4979007083522904,1.0
home_team_weighted_win_rate_last_20,float64,2429,2415,14,0.005763688760806916,0.011527377521613832,0.0,0.5024462742139788,1.0
home_team_woba_season_to_date,float64,2429,2415,14,0.005763688760806916,0.0,0.089,0.3111417995444191,0.4767857142857142
home_travel_distance_miles,float64,2429,2415,14,0.005763688760806916,0.8373816385343763,0.0,0.0,6073.706693892163
home_travel_rest_days,float64,2429,2415,14,0.005763688760806916,0.38863729930012353,0.0,1.0,7.0
home_travel_timezone_shift,float64,2429,2415,14,0.005763688760806916,0.8900782214903252,-16.0,0.0,5.0
park_factor_hr,float64,2429,2421,8,0.0032935364347468094,0.0,0.6543967280163598,0.9918200408997956,1.3087934560327197
park_factor_run,float64,2429,2421,8,0.0032935364347468094,0.0,0.8492332382310984,0.984308131241084,1.282542796005706
home_sp_id,float64,2429,2427,2,0.0008233841086867024,0.0,434378.0,661563.0,814005.0
away_bullpen_fatigue_score,float64,2429,2429,0,0.0,0.012350761630300536,0.0,14.43333333333333,38.883333333333326
away_bullpen_ip_last_1d,float64,2429,2429,0,0.0,0.3618773157678057,0.0,2.333333333333333,10.0
away_bullpen_ip_last_3d,float64,2429,2429,0,0.0,0.016055990119390694,0.0,7.333333333333332,20.33333333333333
away_bullpen_ip_last_5d,float64,2429,2429,0,0.0,0.012350761630300536,0.0,13.999999999999998,28.33333333333333
away_closer_used_yesterday,float64,2429,2429,0,0.0,0.7599835323178262,0.0,0.0,1.0
away_estimated_high_leverage_role_fatigue_score,float64,2429,2429,0,0.0,0.9732400164676822,0.0,0.0,5.0
away_high_leverage_rp_fatigue_score,float64,2429,2429,0,0.0,0.33100041169205435,0.0,1.6666666666666663,11.333333333333332
away_lineup_available_ratio,float64,2429,2429,0,0.0,0.0,1.0,1.0,1.0
away_lineup_confidence,float64,2429,2429,0,0.0,0.0,1.0,1.0,1.0
away_lineup_expected_starter_ratio,float64,2429,2429,0,0.0,0.0,1.0,1.0,1.0
away_lineup_hard_contact_proxy,float64,2429,2429,0,0.0,0.006587072869493619,0.0,0.2560842489343831,0.5731837606837608
away_lineup_injury_absence_signal_count,float64,2429,2429,0,0.0,1.0,0.0,0.0,0.0
away_lineup_lefty_ratio,float64,2429,2429,0,0.0,0.002881844380403458,0.0,0.4444444444444444,0.8888888888888888
away_lineup_platoon_advantage_ratio,float64,2429,2429,0,0.0,0.002470152326060107,0.0,0.5555555555555556,1.0
away_lineup_player_count,float64,2429,2429,0,0.0,0.0,9.0,9.0,9.0
away_lineup_rest_signal_count,float64,2429,2429,0,0.0,1.0,0.0,0.0,0.0
away_lineup_same_hand_ratio,float64,2429,2429,0,0.0,0.008233841086867023,0.0,0.4444444444444444,1.0
away_score,float64,2429,2429,0,0.0,0.0683408810209963,0.0,4.0,20.0
away_sp_id,float64,2429,2429,0,0.0,0.0,434378.0,661563.0,814005.0
away_team,str,2429,2429,0,0.0,,,,
away_travel_away_game_streak,int64,2429,2429,0,0.0,0.0,1.0,4.0,10.0
away_travel_home_game_streak,int64,2429,2429,0,0.0,1.0,0.0,0.0,0.0
away_travel_is_back_to_back,float64,2429,2429,0,0.0,0.5166735282009057,0.0,0.0,1.0
away_travel_travel_day,float64,2429,2429,0,0.0,0.7974475092630712,0.0,0.0,1.0
bullpen_fatigue_diff,float64,2429,2429,0,0.0,0.014820913956360642,-27.56666666666667,-0.8666666666666654,21.666666666666668
game_date,"datetime64[us, UTC]",2429,2429,0,0.0,,,,
game_id,int64,2429,2429,0,0.0,0.0,744795.0,746009.0,747224.0
home_bullpen_fatigue_score,float64,2429,2429,0,0.0,0.012762453684643887,0.0,15.55,40.53333333333333
home_bullpen_ip_last_1d,float64,2429,2429,0,0.0,0.362289007822149,0.0,3.0,10.0
home_bullpen_ip_last_3d,float64,2429,2429,0,0.0,0.015232606010703994,0.0,8.0,24.666666666666664
home_bullpen_ip_last_5d,float64,2429,2429,0,0.0,0.012762453684643887,0.0,14.333333333333332,35.33333333333333
home_closer_used_yesterday,float64,2429,2429,0,0.0,0.7451626183614656,0.0,0.0,1.0
home_estimated_high_leverage_role_fatigue_score,float64,2429,2429,0,0.0,0.9798270893371758,0.0,0.0,4.0
home_field_advantage,float64,2429,2429,0,0.0,0.0,1.0,1.0,1.0
home_high_leverage_rp_fatigue_score,float64,2429,2429,0,0.0,0.3384108686702347,0.0,1.3333333333333333,10.666666666666666
home_lineup_available_ratio,float64,2429,2429,0,0.0,0.0,1.0,1.0,1.0
home_lineup_confidence,float64,2429,2429,0,0.0,0.0,1.0,1.0,1.0
home_lineup_expected_starter_ratio,float64,2429,2429,0,0.0,0.0,1.0,1.0,1.0
home_lineup_hard_contact_proxy,float64,2429,2429,0,0.0,0.005763688760806916,0.0,0.2566466732294021,0.5593289649327624
home_lineup_injury_absence_signal_count,float64,2429,2429,0,0.0,1.0,0.0,0.0,0.0
home_lineup_lefty_ratio,float64,2429,2429,0,0.0,0.002470152326060107,0.0,0.4444444444444444,1.0
home_lineup_platoon_advantage_ratio,float64,2429,2429,0,0.0,0.0,0.1111111111111111,0.5555555555555556,1.0
home_lineup_player_count,float64,2429,2429,0,0.0,0.0,9.0,9.0,9.0
home_lineup_rest_signal_count,float64,2429,2429,0,0.0,1.0,0.0,0.0,0.0
home_lineup_same_hand_ratio,float64,2429,2429,0,0.0,0.008645533141210375,0.0,0.4444444444444444,0.8888888888888888
home_score,float64,2429,2429,0,0.0,0.06381226842321944,0.0,4.0,20.0
home_team,str,2429,2429,0,0.0,,,,
home_team_win,int64,2429,2429,0,0.0,0.4783861671469741,0.0,1.0,1.0
home_travel_away_game_streak,int64,2429,2429,0,0.0,1.0,0.0,0.0,0.0
home_travel_home_game_streak,int64,2429,2429,0,0.0,0.0,1.0,4.0,10.0
home_travel_is_back_to_back,float64,2429,2429,0,0.0,0.5207904487443392,0.0,0.0,1.0
home_travel_travel_day,float64,2429,2429,0,0.0,0.9213668176204199,0.0,0.0,1.0
humidity,float64,2429,2429,0,0.0,0.0,5.0,59.0,100.0
is_dome,int64,2429,2429,0,0.0,0.8118567311650885,0.0,0.0,1.0
lineup_confidence_diff,float64,2429,2429,0,0.0,1.0,0.0,0.0,0.0
lineup_hard_contact_proxy_diff,float64,2429,2429,0,0.0,0.005763688760806916,-0.3192696192696193,-0.0002565934760775,0.3052264710249466
lineup_injury_absence_signal_diff,float64,2429,2429,0,0.0,1.0,0.0,0.0,0.0
lineup_platoon_advantage_diff,float64,2429,2429,0,0.0,0.18649650061753809,-0.7777777777777778,0.0,0.7777777777777778
prediction_mode,str,2429,2429,0,0.0,,,,
season,int64,2429,2429,0,0.0,0.0,2024.0,2024.0,2024.0
source_file,str,2429,2429,0,0.0,,,,
temperature,int64,2429,2429,0,0.0,0.0008233841086867024,0.0,74.0,103.0
venue_id,int64,2429,2429,0,0.0,0.0,1.0,680.0,5381.0
venue_latitude,float64,2429,2429,0,0.0,0.0,19.403611,39.097389,51.50853
venue_longitude,float64,2429,2429,0,0.0,0.0,-122.389448,-87.634167,126.867
venue_timezone_offset,float64,2429,2429,0,0.0,0.0008233841086867024,-8.0,-6.0,8.0
wind_speed,int64,2429,2429,0,0.0,0.18814326883491148,0.0,7.0,26.0
