variant,seed,holdout_season,feature_count,model_name,log_loss,brier_score,accuracy,n_games,accuracy_conf_55,coverage_conf_55,accuracy_conf_60,coverage_conf_60,accuracy_conf_65,coverage_conf_65,baseline_log_loss,baseline_accuracy,log_loss_delta_vs_baseline,accuracy_delta_vs_baseline
full,11,2022,161,random_forest_shallow,0.6837504267888469,0.2453598916935287,0.5405742821473158,801.0,0.5930232558139535,0.42946317103620474,0.6460176991150443,0.14107365792759052,0.6666666666666666,0.03745318352059925,0.6854688166224917,0.5393258426966292,-0.0017183898336448067,0.0012484394506866447
full,11,2022,161,extra_trees,0.6853055805577577,0.24610230580701026,0.550561797752809,801.0,0.6470588235294118,0.23345817727840198,0.6153846153846154,0.04868913857677903,0.5,0.004993757802746567,0.6854688166224917,0.5393258426966292,-0.00016323606473400698,0.011235955056179803
full,11,2022,161,random_forest,0.6871108113176273,0.24688844866022175,0.533083645443196,801.0,0.5857461024498887,0.5605493133583022,0.6234567901234568,0.20224719101123595,0.5740740740740741,0.06741573033707865,0.6854688166224917,0.5393258426966292,0.0016419946951355957,-0.006242197253433224
full,11,2023,163,random_forest_shallow,0.6893834219809889,0.24807887113188523,0.555,800.0,0.5602605863192183,0.38375,0.55,0.125,0.6190476190476191,0.02625,0.6905081838614605,0.53375,-0.0011247618804716142,0.021250000000000102
full,11,2023,163,extra_trees,0.69232514076814,0.24956819006080835,0.54,800.0,0.5177304964539007,0.3525,0.5689655172413793,0.0725,0.6666666666666666,0.00375,0.6905081838614605,0.53375,0.00181695690667949,0.006250000000000089
full,11,2023,163,random_forest,0.6928494142996487,0.24979088771367294,0.54,800.0,0.5433673469387755,0.49,0.5371900826446281,0.15125,0.6666666666666666,0.04125,0.6905081838614605,0.53375,0.0023412304381882354,0.006250000000000089
full,11,2024,163,random_forest_shallow,0.6868899512357634,0.2469098716290189,0.5573549257759784,741.0,0.5617529880478087,0.33873144399460187,0.5942028985507246,0.0931174089068826,0.7272727272727273,0.014844804318488529,0.6905770000312621,0.5276653171390013,-0.0036870487954987485,0.029689608636977116
full,11,2024,163,random_forest,0.6875198561437621,0.24724300347318567,0.5425101214574899,741.0,0.5833333333333334,0.3724696356275304,0.5595238095238095,0.11336032388663968,0.7777777777777778,0.024291497975708502,0.6905770000312621,0.5276653171390013,-0.0030571438875000023,0.014844804318488558
full,11,2024,163,extra_trees,0.6877111502005222,0.247296821789473,0.5479082321187584,741.0,0.5597826086956522,0.2483130904183536,0.7,0.02699055330634278,1.0,0.001349527665317139,0.6905770000312621,0.5276653171390013,-0.002865849830739897,0.020242914979757054
full,11,2025,163,random_forest_shallow,0.6791696167937689,0.2431298920884877,0.5454545454545454,737.0,0.6133720930232558,0.46675712347354137,0.6722689075630253,0.1614654002713704,0.7272727272727273,0.014925373134328358,0.6824477895622858,0.5522388059701493,-0.0032781727685169404,-0.006784260515603879
full,11,2025,163,extra_trees,0.6805357437453212,0.24376421133075038,0.5671641791044776,737.0,0.6071428571428571,0.37991858887381275,0.6595744680851063,0.06377204884667571,1.0,0.005427408412483039,0.6824477895622858,0.5522388059701493,-0.0019120458169645804,0.01492537313432829
full,11,2025,163,random_forest,0.6822829114821238,0.2446690319562002,0.55359565807327,737.0,0.5879120879120879,0.49389416553595655,0.6158940397350994,0.20488466757123475,0.8,0.033921302578018994,0.6824477895622858,0.5522388059701493,-0.0001648780801619676,0.0013568521031207537
full,11,2026,163,random_forest,0.6885649537260488,0.24781679769024087,0.5182481751824818,274.0,0.5950413223140496,0.4416058394160584,0.5357142857142857,0.10218978102189781,1.0,0.014598540145985401,0.6883191742598539,0.5182481751824818,0.000245779466194862,0.0
full,11,2026,163,extra_trees,0.6898379150020698,0.2483793356393809,0.5364963503649635,274.0,0.5569620253164557,0.28832116788321166,0.5833333333333334,0.043795620437956206,1.0,0.0072992700729927005,0.6883191742598539,0.5182481751824818,0.0015187407422159183,0.018248175182481674
full,11,2026,163,random_forest_shallow,0.6898697443532439,0.24843194341449784,0.5255474452554745,274.0,0.5229357798165137,0.3978102189781022,0.6818181818181818,0.08029197080291971,1.0,0.010948905109489052,0.6883191742598539,0.5182481751824818,0.0015505700933899913,0.007299270072992692
full,22,2022,161,random_forest_shallow,0.6839831847472725,0.24548105892116528,0.550561797752809,801.0,0.5971830985915493,0.4431960049937578,0.635593220338983,0.14731585518102372,0.696969696969697,0.04119850187265917,0.6875129827840124,0.5493133583021224,-0.0035297980367399173,0.0012484394506866447
full,22,2022,161,extra_trees,0.6853806732639465,0.2461299284133483,0.5468164794007491,801.0,0.6394230769230769,0.2596754057428215,0.5526315789473685,0.04744069912609238,0.0,0.0012484394506866417,0.6875129827840124,0.5493133583021224,-0.0021323095200659337,-0.0024968789013732895
full,22,2022,161,random_forest,0.6864698378325579,0.24658191858496156,0.5343320848938826,801.0,0.5888077858880778,0.5131086142322098,0.6357615894039735,0.18851435705368288,0.6170212765957447,0.05867665418227216,0.6875129827840124,0.5493133583021224,-0.0010431449514545221,-0.014981273408239737
full,22,2023,163,random_forest_shallow,0.6903501303055601,0.24855385190060578,0.54375,800.0,0.5635179153094463,0.38375,0.5568181818181818,0.11,0.56,0.03125,0.6900105237583041,0.53,0.0003396065472560661,0.013749999999999929
full,22,2023,163,extra_trees,0.6917504657177821,0.24928483668163126,0.535,800.0,0.5427509293680297,0.33625,0.52,0.0625,0.75,0.005,0.6900105237583041,0.53,0.0017399419594780197,0.0050000000000000044
full,22,2023,163,random_forest,0.6929819041628872,0.2498724750737253,0.535,800.0,0.5584415584415584,0.48125,0.5426356589147286,0.16125,0.6875,0.04,0.6900105237583041,0.53,0.0029713804045831127,0.0050000000000000044
full,22,2024,163,random_forest_shallow,0.6856077962906905,0.24627146757673007,0.5654520917678812,741.0,0.5598455598455598,0.349527665317139,0.6417910447761194,0.09041835357624832,0.75,0.016194331983805668,0.6908031858052128,0.5344129554655871,-0.005195389514522364,0.031039136302294157
full,22,2024,163,random_forest,0.686009209668547,0.2464770573787677,0.5546558704453441,741.0,0.5796610169491525,0.398110661268556,0.5882352941176471,0.11470985155195682,0.8823529411764706,0.022941970310391364,0.6908031858052128,0.5344129554655871,-0.004793976136665878,0.020242914979757054
full,22,2024,163,extra_trees,0.6878519283566603,0.24737430567841537,0.5465587044534413,741.0,0.5699481865284974,0.26045883940620784,0.6521739130434783,0.0310391363022942,1.0,0.002699055330634278,0.6908031858052128,0.5344129554655871,-0.0029512574485525134,0.012145748987854255
full,22,2025,163,random_forest_shallow,0.6799683692434028,0.2435234456605877,0.5481682496607869,737.0,0.6053412462908012,0.45725915875169604,0.68,0.13568521031207598,0.8571428571428571,0.018995929443690638,0.6829517843422538,0.5468113975576662,-0.0029834150988510277,0.0013568521031207537
full,22,2025,163,extra_trees,0.6805093640234715,0.2437615953165761,0.5753052917232022,737.0,0.6063829787234043,0.38263229308005425,0.7115384615384616,0.07055630936227951,1.0,0.0067842605156037995,0.6829517843422538,0.5468113975576662,-0.002442420318782279,0.02849389416553605
full,22,2025,163,random_forest,0.6837069485718776,0.24532210221767248,0.5481682496607869,737.0,0.5969387755102041,0.5318860244233379,0.5671641791044776,0.18181818181818182,0.7419354838709677,0.04206241519674356,0.6829517843422538,0.5468113975576662,0.0007551642296238503,0.0013568521031207537
full,22,2026,163,random_forest,0.6855327237261497,0.24624558196804303,0.5474452554744526,274.0,0.5793650793650794,0.45985401459854014,0.5925925925925926,0.09854014598540146,0.7142857142857143,0.025547445255474453,0.6895679608364639,0.5,-0.0040352371103141715,0.04744525547445255
full,22,2026,163,random_forest_shallow,0.6877621993316376,0.24738915013597437,0.5474452554744526,274.0,0.5555555555555556,0.42700729927007297,0.6818181818181818,0.08029197080291971,0.8333333333333334,0.021897810218978103,0.6895679608364639,0.5,-0.0018057615048262532,0.04744525547445255
full,22,2026,163,extra_trees,0.6922072872041071,0.2495388528749016,0.5291970802919708,274.0,0.532608695652174,0.3357664233576642,0.45454545454545453,0.040145985401459854,1.0,0.0072992700729927005,0.6895679608364639,0.5,0.002639326367643191,0.029197080291970767
full,33,2022,161,random_forest_shallow,0.6848492068067421,0.24589351867101325,0.5368289637952559,801.0,0.592391304347826,0.45942571785268416,0.6495726495726496,0.14606741573033707,0.6470588235294118,0.04244694132334582,0.6883235927537055,0.5405742821473158,-0.0034743859469633653,-0.0037453183520599342
full,33,2022,161,extra_trees,0.6849534966398292,0.24592405957195426,0.5355805243445693,801.0,0.6129032258064516,0.27091136079900124,0.625,0.0599250936329588,0.6666666666666666,0.003745318352059925,0.6883235927537055,0.5405742821473158,-0.0033700961138762864,-0.004993757802746579
full,33,2022,161,random_forest,0.6888534642224657,0.24774527947459568,0.5368289637952559,801.0,0.5682819383259912,0.5667915106117354,0.6011904761904762,0.20973782771535582,0.6481481481481481,0.06741573033707865,0.6883235927537055,0.5405742821473158,0.0005298714687602679,-0.0037453183520599342
full,33,2023,163,random_forest_shallow,0.6891926181838022,0.24800900734215706,0.5375,800.0,0.5691318327974276,0.38875,0.5789473684210527,0.095,0.5714285714285714,0.02625,0.689391645554941,0.53375,-0.00019902737113886015,0.003750000000000031
full,33,2023,163,extra_trees,0.6903170628526734,0.24857510438262678,0.54375,800.0,0.558303886925795,0.35375,0.62,0.0625,0.8,0.00625,0.689391645554941,0.53375,0.0009254172977323227,0.010000000000000009
full,33,2023,163,random_forest,0.6920276917861382,0.2493991798312663,0.5425,800.0,0.5502645502645502,0.4725,0.5528455284552846,0.15375,0.5833333333333334,0.045,0.689391645554941,0.53375,0.0026360462311971755,0.008750000000000036
full,33,2024,163,random_forest_shallow,0.6844202616309493,0.24569249941790003,0.562753036437247,741.0,0.602510460251046,0.3225371120107962,0.6610169491525424,0.0796221322537112,1.0,0.006747638326585695,0.6912012345854196,0.5195681511470985,-0.006780972954470332,0.04318488529014841
full,33,2024,163,random_forest,0.6856587462124535,0.24629355688205243,0.5546558704453441,741.0,0.5896551724137931,0.3913630229419703,0.5857142857142857,0.09446693657219973,1.0,0.009446693657219974,0.6912012345854196,0.5195681511470985,-0.0055424883729661145,0.03508771929824561
full,33,2024,163,extra_trees,0.687057807130915,0.24698143336068007,0.5411605937921727,741.0,0.5578947368421052,0.2564102564102564,0.7083333333333334,0.032388663967611336,1.0,0.001349527665317139,0.6912012345854196,0.5195681511470985,-0.004143427454504578,0.021592442645074206
full,33,2025,163,random_forest_shallow,0.679886461982968,0.2434936481981013,0.5508819538670285,737.0,0.6071428571428571,0.4559023066485753,0.71,0.13568521031207598,0.8571428571428571,0.018995929443690638,0.6824891865231572,0.5590230664857531,-0.002602724540189172,-0.008141112618724522
full,33,2025,163,extra_trees,0.6804488468886901,0.24372850836311696,0.5685210312075983,737.0,0.6,0.38670284938941657,0.717391304347826,0.06241519674355495,1.0,0.0067842605156037995,0.6824891865231572,0.5590230664857531,-0.0020403396344670366,0.009497964721845276
full,33,2025,163,random_forest,0.6813685905797122,0.2442046122047576,0.5440976933514247,737.0,0.5942408376963351,0.5183175033921302,0.6549295774647887,0.1926729986431479,0.75,0.04341926729986431,0.6824891865231572,0.5590230664857531,-0.0011205959434449353,-0.014925373134328401
full,33,2026,163,random_forest,0.6871797101739727,0.2471514890264285,0.5291970802919708,274.0,0.5714285714285714,0.4343065693430657,0.5757575757575758,0.12043795620437957,1.0,0.021897810218978103,0.6879500652375902,0.5255474452554745,-0.000770355063617445,0.0036496350364962904
full,33,2026,163,random_forest_shallow,0.6893281338295151,0.24817812965357267,0.5401459854014599,274.0,0.5514018691588785,0.3905109489051095,0.56,0.09124087591240876,1.0,0.014598540145985401,0.6879500652375902,0.5255474452554745,0.001378068591924908,0.014598540145985384
full,33,2026,163,extra_trees,0.6912329971291414,0.24907181076968368,0.5255474452554745,274.0,0.5568181818181818,0.32116788321167883,0.4444444444444444,0.032846715328467155,1.0,0.0036496350364963502,0.6879500652375902,0.5255474452554745,0.003282931891551266,0.0
no_env,11,2022,140,random_forest_shallow,0.6844040204280029,0.2456628141280372,0.5518102372034956,801.0,0.5888594164456233,0.4706616729088639,0.6268656716417911,0.16729088639200998,0.5666666666666667,0.03745318352059925,0.6854688166224917,0.5393258426966292,-0.0010647961944888484,0.012484394506866447
no_env,11,2022,140,random_forest,0.6876308046889401,0.2471750610610977,0.5268414481897628,801.0,0.5955334987593052,0.5031210986267166,0.6282051282051282,0.1947565543071161,0.6363636363636364,0.0686641697877653,0.6854688166224917,0.5393258426966292,0.002161988066448406,-0.012484394506866447
no_env,11,2022,140,extra_trees,0.6880014128965894,0.24742384396547654,0.5355805243445693,801.0,0.6129032258064516,0.27091136079900124,0.5853658536585366,0.05118601747815231,0.3333333333333333,0.003745318352059925,0.6854688166224917,0.5393258426966292,0.0025325962740977426,-0.0037453183520599342
no_env,11,2023,140,extra_trees,0.687797350125213,0.24733515251319424,0.55625,800.0,0.5963302752293578,0.2725,0.5581395348837209,0.05375,0.6666666666666666,0.00375,0.6905081838614605,0.53375,-0.0027108337362474755,0.022500000000000075
no_env,11,2023,140,random_forest_shallow,0.6895795834496089,0.24815631124821677,0.55,800.0,0.5595238095238095,0.42,0.5523809523809524,0.13125,0.56,0.03125,0.6905081838614605,0.53375,-0.00092860041185161,0.016250000000000098
no_env,11,2023,140,random_forest,0.6916184084658888,0.24917840569880034,0.5425,800.0,0.5491183879093199,0.49625,0.5867768595041323,0.15125,0.5405405405405406,0.04625,0.6905081838614605,0.53375,0.0011102246044283337,0.008750000000000036
no_env,11,2024,140,random_forest_shallow,0.6842708497713252,0.24561747110023144,0.5721997300944669,741.0,0.5909090909090909,0.3562753036437247,0.6,0.08097165991902834,0.8461538461538461,0.017543859649122806,0.6905770000312621,0.5276653171390013,-0.00630615025993686,0.04453441295546556
no_env,11,2024,140,extra_trees,0.6866099148440498,0.2467446623193865,0.5519568151147098,741.0,0.5664739884393064,0.23346828609986506,0.5833333333333334,0.032388663967611336,0.0,0.001349527665317139,0.6905770000312621,0.5276653171390013,-0.003967085187212338,0.02429149797570851
no_env,11,2024,140,random_forest,0.6880875077434654,0.24750675324715943,0.5600539811066126,741.0,0.551948051948052,0.4156545209176788,0.5824175824175825,0.12280701754385964,0.8571428571428571,0.02834008097165992,0.6905770000312621,0.5276653171390013,-0.002489492287796713,0.03238866396761131
no_env,11,2025,140,extra_trees,0.6788351097080829,0.24293512952340812,0.5508819538670285,737.0,0.6267123287671232,0.39620081411126185,0.7166666666666667,0.0814111261872456,1.0,0.004070556309362279,0.6824477895622858,0.5522388059701493,-0.0036126798542028826,-0.0013568521031207537
no_env,11,2025,140,random_forest_shallow,0.6790643364902035,0.24307770971918696,0.5495251017639078,737.0,0.6170798898071626,0.4925373134328358,0.6574074074074074,0.14654002713704206,0.8823529411764706,0.023066485753052916,0.6824477895622858,0.5522388059701493,-0.003383453072082321,-0.0027137042062415073
no_env,11,2025,140,random_forest,0.6826087390831055,0.24482891491207745,0.5427408412483039,737.0,0.5915119363395226,0.5115332428765265,0.6415094339622641,0.2157394843962008,0.7222222222222222,0.048846675712347354,0.6824477895622858,0.5522388059701493,0.0001609495208196865,-0.009497964721845387
no_env,11,2026,140,random_forest,0.6860746866193455,0.24659526173489543,0.5364963503649635,274.0,0.5739130434782609,0.4197080291970803,0.6774193548387096,0.11313868613138686,0.7142857142857143,0.025547445255474453,0.6883191742598539,0.5182481751824818,-0.0022444876405084413,0.018248175182481674
no_env,11,2026,140,extra_trees,0.6876310322556328,0.24729538612741883,0.5547445255474452,274.0,0.5647058823529412,0.3102189781021898,0.6153846153846154,0.04744525547445255,1.0,0.0036496350364963502,0.6883191742598539,0.5182481751824818,-0.0006881420042210706,0.03649635036496346
no_env,11,2026,140,random_forest_shallow,0.6898759875587708,0.24846859035496452,0.5218978102189781,274.0,0.5221238938053098,0.4124087591240876,0.6296296296296297,0.09854014598540146,0.8333333333333334,0.021897810218978103,0.6883191742598539,0.5182481751824818,0.0015568132989168815,0.0036496350364962904
no_env,22,2022,140,random_forest_shallow,0.6838371188420287,0.2454017472174581,0.5393258426966292,801.0,0.5969696969696969,0.41198501872659177,0.6355140186915887,0.13358302122347065,0.6875,0.039950062421972535,0.6875129827840124,0.5493133583021224,-0.0036758639419837147,-0.009987515605493158
no_env,22,2022,140,extra_trees,0.6864929526575467,0.2466904311711552,0.5380774032459426,801.0,0.6256684491978609,0.23345817727840198,0.6756756756756757,0.046192259675405745,0.6666666666666666,0.003745318352059925,0.6875129827840124,0.5493133583021224,-0.0010200301264656764,-0.011235955056179803
no_env,22,2022,140,random_forest,0.6890331034927369,0.24782026891653072,0.5430711610486891,801.0,0.5782312925170068,0.550561797752809,0.5965909090909091,0.21972534332084895,0.6271186440677966,0.07365792759051186,0.6875129827840124,0.5493133583021224,0.0015201207087245372,-0.006242197253433224
no_env,22,2023,140,extra_trees,0.6879820996402727,0.24742277739218443,0.5525,800.0,0.5532786885245902,0.305,0.6086956521739131,0.0575,0.6666666666666666,0.01125,0.6900105237583041,0.53,-0.002028424118031391,0.022499999999999964
no_env,22,2023,140,random_forest_shallow,0.6894317147303934,0.24808422320135867,0.55125,800.0,0.5545171339563862,0.40125,0.5531914893617021,0.1175,0.6296296296296297,0.03375,0.6900105237583041,0.53,-0.0005788090279106317,0.02124999999999999
no_env,22,2023,140,random_forest,0.6925535232124074,0.24962959949927638,0.535,800.0,0.5489690721649485,0.485,0.5524475524475524,0.17875,0.6153846153846154,0.04875,0.6900105237583041,0.53,0.0025429994541033007,0.0050000000000000044
no_env,22,2024,140,random_forest_shallow,0.6854385612501314,0.24617388662260267,0.5708502024291497,741.0,0.5896414342629482,0.33873144399460187,0.5942028985507246,0.0931174089068826,0.6153846153846154,0.017543859649122806,0.6908031858052128,0.5344129554655871,-0.005364624555081465,0.03643724696356265
no_env,22,2024,140,extra_trees,0.6863573408642477,0.24663078559016072,0.553306342780027,741.0,0.5714285714285714,0.22672064777327935,0.6538461538461539,0.03508771929824561,1.0,0.004048582995951417,0.6908031858052128,0.5344129554655871,-0.004445844940965116,0.018893387314439902
no_env,22,2024,140,random_forest,0.687274310506147,0.2471070075866472,0.5425101214574899,741.0,0.5737704918032787,0.4116059379217274,0.5925925925925926,0.10931174089068826,0.7142857142857143,0.02834008097165992,0.6908031858052128,0.5344129554655871,-0.00352887529906587,0.0080971659919028
no_env,22,2025,140,extra_trees,0.6792113535396735,0.24312110767658604,0.5617367706919946,737.0,0.6033898305084746,0.40027137042062416,0.75,0.07598371777476255,1.0,0.005427408412483039,0.6829517843422538,0.5468113975576662,-0.0037404308025802413,0.014925373134328401
no_env,22,2025,140,random_forest_shallow,0.6799708773929383,0.24351783683361022,0.5468113975576662,737.0,0.6173913043478261,0.4681139755766621,0.6875,0.13025780189959293,0.8461538461538461,0.017639077340569877,0.6829517843422538,0.5468113975576662,-0.0029809069493155205,0.0
no_env,22,2025,140,random_forest,0.6812874627441976,0.2441600837614916,0.5481682496607869,737.0,0.6015625,0.5210312075983717,0.6736111111111112,0.19538670284938942,0.75,0.032564450474898234,0.6829517843422538,0.5468113975576662,-0.0016643215980561843,0.0013568521031207537
no_env,22,2026,140,random_forest,0.6867019624858159,0.24688780240257927,0.5218978102189781,274.0,0.5867768595041323,0.4416058394160584,0.6333333333333333,0.10948905109489052,0.8,0.01824817518248175,0.6895679608364639,0.5,-0.002865998350647936,0.021897810218978075
no_env,22,2026,140,random_forest_shallow,0.6899521342343508,0.2484983955460982,0.5364963503649635,274.0,0.514018691588785,0.3905109489051095,0.64,0.09124087591240876,0.8333333333333334,0.021897810218978103,0.6895679608364639,0.5,0.00038417339788687777,0.03649635036496346
no_env,22,2026,140,extra_trees,0.6909732993443473,0.24893229550173612,0.5437956204379562,274.0,0.5394736842105263,0.2773722627737226,0.6153846153846154,0.04744525547445255,1.0,0.0036496350364963502,0.6895679608364639,0.5,0.0014053385078833802,0.04379562043795615
no_env,33,2022,140,random_forest_shallow,0.6854612527064496,0.24619150393760947,0.5355805243445693,801.0,0.5855855855855856,0.4157303370786517,0.6571428571428571,0.13108614232209737,0.6538461538461539,0.03245942571785269,0.6883235927537055,0.5405742821473158,-0.002862340047255829,-0.004993757802746579
no_env,33,2022,140,random_forest,0.6871796853609488,0.2469267162574979,0.5518102372034956,801.0,0.5912240184757506,0.5405742821473158,0.6209150326797386,0.19101123595505617,0.5957446808510638,0.05867665418227216,0.6883235927537055,0.5405742821473158,-0.0011439073927567156,0.011235955056179803
no_env,33,2022,140,extra_trees,0.6872037320349956,0.24704776510747167,0.5405742821473158,801.0,0.6203703703703703,0.2696629213483146,0.6595744680851063,0.05867665418227216,0.5,0.004993757802746567,0.6883235927537055,0.5405742821473158,-0.001119860718709842,0.0
no_env,33,2023,140,extra_trees,0.689825700437873,0.2483318748276063,0.53625,800.0,0.5657894736842105,0.285,0.54,0.0625,0.6666666666666666,0.0075,0.689391645554941,0.53375,0.0004340548829319113,0.0025000000000000577
no_env,33,2023,140,random_forest_shallow,0.6904857183645271,0.24863116860446222,0.54875,800.0,0.5537974683544303,0.395,0.5869565217391305,0.115,0.65,0.025,0.689391645554941,0.53375,0.0010940728095860663,0.015000000000000013
no_env,33,2023,140,random_forest,0.69315264338951,0.2499651871692379,0.53,800.0,0.5358090185676393,0.47125,0.5537190082644629,0.15125,0.6470588235294118,0.0425,0.689391645554941,0.53375,0.0037609978345689576,-0.00374999999999992
no_env,33,2024,140,extra_trees,0.6857445529450069,0.24632210643453067,0.5465587044534413,741.0,0.6081871345029239,0.23076923076923078,0.6153846153846154,0.03508771929824561,1.0,0.002699055330634278,0.6912012345854196,0.5195681511470985,-0.005456681640412686,0.026990553306342813
no_env,33,2024,140,random_forest_shallow,0.6867545421535532,0.2468434022745238,0.5546558704453441,741.0,0.5871559633027523,0.2941970310391363,0.5517241379310345,0.07827260458839407,0.8333333333333334,0.016194331983805668,0.6912012345854196,0.5195681511470985,-0.00444669243186635,0.03508771929824561
no_env,33,2024,140,random_forest,0.6867994128555072,0.24685129359562982,0.553306342780027,741.0,0.5912162162162162,0.39946018893387314,0.5666666666666667,0.1214574898785425,0.75,0.021592442645074223,0.6912012345854196,0.5195681511470985,-0.004401821729912436,0.03373819163292846
no_env,33,2025,140,extra_trees,0.6793997764613814,0.2432154858816585,0.5617367706919946,737.0,0.6171617161716172,0.41112618724559025,0.7205882352941176,0.09226594301221167,1.0,0.0067842605156037995,0.6824891865231572,0.5590230664857531,-0.003089410061775766,0.0027137042062415073
no_env,33,2025,140,random_forest_shallow,0.6797101125491062,0.24339360920883113,0.5549525101763908,737.0,0.6029411764705882,0.46132971506105835,0.6938775510204082,0.13297150610583447,0.75,0.021709633649932156,0.6824891865231572,0.5590230664857531,-0.002779073974050972,-0.004070556309362261
no_env,33,2025,140,random_forest,0.6840225955767456,0.24551093524416975,0.5332428765264586,737.0,0.5918918918918918,0.5020352781546812,0.6470588235294118,0.18453188602442333,0.7272727272727273,0.029850746268656716,0.6824891865231572,0.5590230664857531,0.0015334090535884526,-0.02578018995929443
no_env,33,2026,140,random_forest_shallow,0.6887907377027289,0.24794056591530292,0.5401459854014599,274.0,0.5462962962962963,0.39416058394160586,0.6296296296296297,0.09854014598540146,1.0,0.01824817518248175,0.6879500652375902,0.5255474452554745,0.0008406724651387476,0.014598540145985384
no_env,33,2026,140,random_forest,0.6895647874003357,0.2482912737784252,0.5437956204379562,274.0,0.5284552845528455,0.4489051094890511,0.68,0.09124087591240876,0.8333333333333334,0.021897810218978103,0.6879500652375902,0.5255474452554745,0.0016147221627454966,0.018248175182481674
no_env,33,2026,140,extra_trees,0.6905150970080254,0.24871905630357244,0.5072992700729927,274.0,0.5595238095238095,0.30656934306569344,0.6153846153846154,0.04744525547445255,1.0,0.0036496350364963502,0.6879500652375902,0.5255474452554745,0.002565031770435211,-0.018248175182481785
no_public_proxy,11,2022,112,random_forest_shallow,0.686550272894198,0.2467262750042234,0.533083645443196,801.0,0.5922619047619048,0.41947565543071164,0.6575342465753424,0.09113607990012484,0.6666666666666666,0.00749063670411985,0.6854688166224917,0.5393258426966292,0.0010814562717063048,-0.006242197253433224
no_public_proxy,11,2022,112,extra_trees,0.6876598579527933,0.24726052665013984,0.5268414481897628,801.0,0.6114285714285714,0.2184769038701623,0.4666666666666667,0.018726591760299626,,0.0,0.6854688166224917,0.5393258426966292,0.0021910413303015686,-0.012484394506866447
no_public_proxy,11,2022,112,random_forest,0.6882595853171244,0.24751424119507812,0.5280898876404494,801.0,0.5835351089588378,0.5156054931335831,0.6186440677966102,0.14731585518102372,0.5714285714285714,0.026217228464419477,0.6854688166224917,0.5393258426966292,0.0027907686946326837,-0.011235955056179803
no_public_proxy,11,2023,114,random_forest_shallow,0.6890005655119888,0.24794338251611905,0.54,800.0,0.5700636942675159,0.3925,0.6144578313253012,0.10375,0.75,0.01,0.6905081838614605,0.53375,-0.0015076183494716622,0.006250000000000089
no_public_proxy,11,2023,114,extra_trees,0.6936828992172864,0.2502621497017593,0.51875,800.0,0.532608695652174,0.345,0.6333333333333333,0.0375,,0.0,0.6905081838614605,0.53375,0.003174715355825919,-0.014999999999999902
no_public_proxy,11,2023,114,random_forest,0.6938530081239952,0.2503224999097799,0.51,800.0,0.5549597855227882,0.46625,0.5517241379310345,0.145,0.5909090909090909,0.0275,0.6905081838614605,0.53375,0.0033448242625346847,-0.023749999999999938
no_public_proxy,11,2024,114,random_forest_shallow,0.6899815948398851,0.24844231299981093,0.5276653171390013,741.0,0.5506329113924051,0.21322537112010798,0.7142857142857143,0.037786774628879895,0.8,0.006747638326585695,0.6905770000312621,0.5276653171390013,-0.0005954051913770186,0.0
no_public_proxy,11,2024,114,extra_trees,0.6927270495462007,0.2497876610398321,0.5141700404858299,741.0,0.5384615384615384,0.15789473684210525,1.0,0.002699055330634278,,0.0,0.6905770000312621,0.5276653171390013,0.002150049514938579,-0.013495276653171406
no_public_proxy,11,2024,114,random_forest,0.6936679277506222,0.25029201803858636,0.4966261808367072,741.0,0.5381165919282511,0.300944669365722,0.7,0.05398110661268556,1.0,0.009446693657219974,0.6905770000312621,0.5276653171390013,0.003090927719360148,-0.031039136302294157
no_public_proxy,11,2025,114,random_forest_shallow,0.6821282936431696,0.24454946783522818,0.5617367706919946,737.0,0.6077170418006431,0.42198100407055633,0.6086956521739131,0.09362279511533243,0.8,0.0067842605156037995,0.6824477895622858,0.5522388059701493,-0.00031949591911617503,0.009497964721845276
no_public_proxy,11,2025,114,random_forest,0.6830137828115608,0.24496806315743933,0.5671641791044776,737.0,0.6060606060606061,0.44776119402985076,0.6304347826086957,0.1248303934871099,0.7368421052631579,0.025780189959294438,0.6824477895622858,0.5522388059701493,0.0005659932492749764,0.01492537313432829
no_public_proxy,11,2025,114,extra_trees,0.6849983910523655,0.24595788104560207,0.5468113975576662,737.0,0.6331658291457286,0.2700135685210312,0.7647058823529411,0.023066485753052916,,0.0,0.6824477895622858,0.5522388059701493,0.0025506014900796847,-0.005427408412483126
no_public_proxy,11,2026,114,random_forest,0.6861334299610703,0.24663482612555693,0.5036496350364964,274.0,0.5688073394495413,0.3978102189781022,0.8333333333333334,0.06569343065693431,1.0,0.01824817518248175,0.6883191742598539,0.5182481751824818,-0.0021857442987835984,-0.014598540145985384
no_public_proxy,11,2026,114,random_forest_shallow,0.6889290339086526,0.24796713956364386,0.5036496350364964,274.0,0.5972222222222222,0.26277372262773724,0.75,0.043795620437956206,1.0,0.0072992700729927005,0.6883191742598539,0.5182481751824818,0.0006098596487986718,-0.014598540145985384
no_public_proxy,11,2026,114,extra_trees,0.69404344102962,0.25043561720629176,0.5218978102189781,274.0,0.4918032786885246,0.22262773722627738,0.25,0.014598540145985401,1.0,0.0036496350364963502,0.6883191742598539,0.5182481751824818,0.005724266769766118,0.0036496350364962904
no_public_proxy,22,2022,112,random_forest,0.6854844818076528,0.2461396459230477,0.5443196004993758,801.0,0.5882352941176471,0.48813982521847693,0.6451612903225806,0.15480649188514356,0.5,0.02247191011235955,0.6875129827840124,0.5493133583021224,-0.0020285009763596484,-0.004993757802746579
no_public_proxy,22,2022,112,random_forest_shallow,0.6860518560847283,0.24646393901270422,0.5493133583021224,801.0,0.6055900621118012,0.4019975031210986,0.6385542168674698,0.10362047440699126,0.6666666666666666,0.011235955056179775,0.6875129827840124,0.5493133583021224,-0.0014611266992841099,0.0
no_public_proxy,22,2022,112,extra_trees,0.6870162269465959,0.24694138594141377,0.5555555555555556,801.0,0.5950920245398773,0.2034956304619226,0.5,0.019975031210986267,,0.0,0.6875129827840124,0.5493133583021224,-0.0004967558374164849,0.006242197253433224
no_public_proxy,22,2023,114,random_forest_shallow,0.6898640477636826,0.24837505829676781,0.53375,800.0,0.5611285266457681,0.39875,0.6125,0.1,0.7,0.0125,0.6900105237583041,0.53,-0.00014647599462147554,0.00374999999999992
no_public_proxy,22,2023,114,extra_trees,0.6919863409146497,0.24940892149328697,0.53125,800.0,0.5503597122302158,0.3475,0.6,0.0375,,0.0,0.6900105237583041,0.53,0.0019758171563456495,0.0012499999999999734
no_public_proxy,22,2023,114,random_forest,0.6943049827505954,0.2505844638208605,0.5125,800.0,0.5211640211640212,0.4725,0.5952380952380952,0.1575,0.5909090909090909,0.0275,0.6900105237583041,0.53,0.004294458992291306,-0.01750000000000007
no_public_proxy,22,2024,114,random_forest_shallow,0.6887703044483042,0.24784491018965604,0.5303643724696356,741.0,0.5853658536585366,0.2213225371120108,0.6923076923076923,0.03508771929824561,1.0,0.002699055330634278,0.6908031858052128,0.5344129554655871,-0.0020328813569086,-0.004048582995951455
no_public_proxy,22,2024,114,extra_trees,0.6909133590677726,0.2488888346472053,0.5303643724696356,741.0,0.5630252100840336,0.16059379217273953,1.0,0.002699055330634278,,0.0,0.6908031858052128,0.5344129554655871,0.00011017326255979842,-0.004048582995951455
no_public_proxy,22,2024,114,random_forest,0.6942619792484934,0.25056853495007986,0.5128205128205128,741.0,0.521551724137931,0.31309041835357626,0.5681818181818182,0.059379217273954114,1.0,0.006747638326585695,0.6908031858052128,0.5344129554655871,0.0034587934432805945,-0.021592442645074317
no_public_proxy,22,2025,114,random_forest_shallow,0.6840140340140162,0.24547355403214335,0.5481682496607869,737.0,0.6061643835616438,0.39620081411126185,0.6140350877192983,0.0773405698778833,0.75,0.005427408412483039,0.6829517843422538,0.5468113975576662,0.001062249671762383,0.0013568521031207537
no_public_proxy,22,2025,114,extra_trees,0.6849015497006221,0.2459155129965995,0.5413839891451832,737.0,0.6470588235294118,0.276797829036635,0.8666666666666667,0.0203527815468114,,0.0,0.6829517843422538,0.5468113975576662,0.0019497653583683272,-0.005427408412483015
no_public_proxy,22,2025,114,random_forest,0.6853989038252498,0.24613617629219658,0.5522388059701493,737.0,0.5778443113772455,0.4531886024423338,0.6091954022988506,0.11804613297150611,0.5882352941176471,0.023066485753052916,0.6829517843422538,0.5468113975576662,0.0024471194829960297,0.005427408412483126
no_public_proxy,22,2026,114,random_forest_shallow,0.6905072144406861,0.24875822205834094,0.5218978102189781,274.0,0.5526315789473685,0.2773722627737226,0.75,0.058394160583941604,1.0,0.0072992700729927005,0.6895679608364639,0.5,0.0009392536042222011,0.021897810218978075
no_public_proxy,22,2026,114,random_forest,0.690816449284934,0.24891377326484845,0.49635036496350365,274.0,0.5568181818181818,0.32116788321167883,0.7727272727272727,0.08029197080291971,0.6666666666666666,0.010948905109489052,0.6895679608364639,0.5,0.001248488448470142,-0.003649635036496346
no_public_proxy,22,2026,114,extra_trees,0.6925667729619345,0.24970112036179876,0.5291970802919708,274.0,0.5409836065573771,0.22262773722627738,0.4,0.01824817518248175,1.0,0.0036496350364963502,0.6895679608364639,0.5,0.0029988121254705957,0.029197080291970767
no_public_proxy,33,2022,112,random_forest_shallow,0.6860331887987567,0.2464634269777449,0.533083645443196,801.0,0.6091205211726385,0.383270911360799,0.6060606060606061,0.08239700374531835,0.5,0.00749063670411985,0.6883235927537055,0.5405742821473158,-0.0022904039549487276,-0.0074906367041198685
no_public_proxy,33,2022,112,extra_trees,0.6895698078048313,0.24821228096099854,0.5268414481897628,801.0,0.5911602209944752,0.22596754057428214,0.5384615384615384,0.016229712858926344,,0.0,0.6883235927537055,0.5405742821473158,0.0012462150511258763,-0.013732833957553092
no_public_proxy,33,2022,112,random_forest,0.6895736552958805,0.24813725867703015,0.5355805243445693,801.0,0.5717821782178217,0.5043695380774033,0.6363636363636364,0.1647940074906367,0.391304347826087,0.02871410736579276,0.6883235927537055,0.5405742821473158,0.0012500625421750788,-0.004993757802746579
no_public_proxy,33,2023,114,random_forest_shallow,0.6912699765658613,0.24905002157827674,0.53,800.0,0.5623003194888179,0.39125,0.5232558139534884,0.1075,0.7142857142857143,0.00875,0.689391645554941,0.53375,0.0018783310109202755,-0.00374999999999992
no_public_proxy,33,2023,114,random_forest,0.6917718198323513,0.24931692550568432,0.5175,800.0,0.5589887640449438,0.445,0.5714285714285714,0.1575,0.6666666666666666,0.02625,0.689391645554941,0.53375,0.0023801742774102186,-0.016249999999999987
no_public_proxy,33,2023,114,extra_trees,0.6925400710573808,0.24968330206611405,0.52,800.0,0.5353159851301115,0.33625,0.5483870967741935,0.03875,,0.0,0.689391645554941,0.53375,0.0031484255024397667,-0.013749999999999929
no_public_proxy,33,2024,114,random_forest_shallow,0.6889829354630468,0.2479437756785797,0.5276653171390013,741.0,0.5950920245398773,0.21997300944669365,0.7916666666666666,0.032388663967611336,1.0,0.002699055330634278,0.6912012345854196,0.5195681511470985,-0.0022182991223728132,0.0080971659919028
no_public_proxy,33,2024,114,extra_trees,0.692740594517235,0.24979343091586612,0.5303643724696356,741.0,0.5378787878787878,0.17813765182186234,0.6666666666666666,0.004048582995951417,,0.0,0.6912012345854196,0.5195681511470985,0.0015393599318154205,0.010796221322537103
no_public_proxy,33,2024,114,random_forest,0.6974757217145747,0.2521687739948275,0.49122807017543857,741.0,0.4889867841409692,0.30634278002699056,0.6046511627906976,0.058029689608636977,1.0,0.006747638326585695,0.6912012345854196,0.5195681511470985,0.006274487129155126,-0.028340080971659964
no_public_proxy,33,2025,114,random_forest_shallow,0.6825445656295236,0.2447598475994475,0.5522388059701493,737.0,0.6263345195729537,0.3812754409769335,0.6507936507936508,0.08548168249660787,1.0,0.005427408412483039,0.6824891865231572,0.5590230664857531,5.5379106366437725e-05,-0.006784260515603768
no_public_proxy,33,2025,114,random_forest,0.6846271682382281,0.2457512052628994,0.5603799185888738,737.0,0.5981873111782477,0.4491180461329715,0.6067415730337079,0.12075983717774763,0.6428571428571429,0.018995929443690638,0.6824891865231572,0.5590230664857531,0.002137981715070958,0.0013568521031207537
no_public_proxy,33,2025,114,extra_trees,0.6846557747802009,0.2457882787149868,0.5332428765264586,737.0,0.6388888888888888,0.2930800542740841,0.75,0.027137042062415198,,0.0,0.6824891865231572,0.5590230664857531,0.0021665882570437445,-0.02578018995929443
no_public_proxy,33,2026,114,random_forest,0.6879765321363549,0.24751936562913884,0.5291970802919708,274.0,0.5533980582524272,0.3759124087591241,0.6818181818181818,0.08029197080291971,0.6666666666666666,0.021897810218978103,0.6879500652375902,0.5255474452554745,2.6466898764732072e-05,0.0036496350364962904
no_public_proxy,33,2026,114,random_forest_shallow,0.690052101246311,0.24853036453207558,0.49635036496350365,274.0,0.5647058823529412,0.3102189781021898,0.75,0.058394160583941604,1.0,0.0072992700729927005,0.6879500652375902,0.5255474452554745,0.002102036008720831,-0.029197080291970823
no_public_proxy,33,2026,114,extra_trees,0.692486050475543,0.24967135085737016,0.5364963503649635,274.0,0.5344827586206896,0.2116788321167883,0.75,0.014598540145985401,,0.0,0.6879500652375902,0.5255474452554745,0.004535985237952844,0.010948905109488982
baseline_like,11,2022,91,random_forest_shallow,0.6854688166224917,0.24618268551724612,0.5393258426966292,801.0,0.5925925925925926,0.3707865168539326,0.6,0.08739076154806492,0.8,0.006242197253433208,0.6854688166224917,0.5393258426966292,0.0,0.0
baseline_like,11,2022,91,random_forest,0.6898384342290916,0.24830193893459365,0.533083645443196,801.0,0.5604938271604938,0.5056179775280899,0.6167664670658682,0.20848938826466917,0.5909090909090909,0.05493133583021224,0.6854688166224917,0.5393258426966292,0.004369617606599929,-0.006242197253433224
baseline_like,11,2022,91,extra_trees,0.6911589950342462,0.2490083233271098,0.5118601747815231,801.0,0.5818181818181818,0.20599250936329588,0.625,0.019975031210986267,,0.0,0.6854688166224917,0.5393258426966292,0.005690178411754454,-0.027465667915106073
baseline_like,11,2023,91,extra_trees,0.6893511072725169,0.24811443575133701,0.535,800.0,0.5678391959798995,0.24875,0.6666666666666666,0.0225,,0.0,0.6905081838614605,0.53375,-0.0011570765889435952,0.0012500000000000844
baseline_like,11,2023,91,random_forest_shallow,0.6905081838614605,0.2486811966631845,0.53375,800.0,0.54858934169279,0.39875,0.5747126436781609,0.10875,0.5714285714285714,0.0175,0.6905081838614605,0.53375,0.0,0.0
baseline_like,11,2023,91,random_forest,0.6938175093917854,0.25032380890655903,0.52625,800.0,0.5352480417754569,0.47875,0.5801526717557252,0.16375,0.7027027027027027,0.04625,0.6905081838614605,0.53375,0.0033093255303249247,-0.007499999999999951
baseline_like,11,2024,91,random_forest_shallow,0.6905770000312621,0.2487393556618487,0.5276653171390013,741.0,0.5533333333333333,0.20242914979757085,0.6875,0.043184885290148446,0.6666666666666666,0.008097165991902834,0.6905770000312621,0.5276653171390013,0.0,0.0
baseline_like,11,2024,91,extra_trees,0.6907681517494115,0.24880849697916896,0.5384615384615384,741.0,0.5454545454545454,0.1039136302294197,0.25,0.005398110661268556,,0.0,0.6905770000312621,0.5276653171390013,0.00019115171814942933,0.010796221322537103
baseline_like,11,2024,91,random_forest,0.6917415083241512,0.2493118864156926,0.5290148448043185,741.0,0.5205479452054794,0.29554655870445345,0.6666666666666666,0.06072874493927125,0.8,0.006747638326585695,0.6905770000312621,0.5276653171390013,0.0011645082928890549,0.0013495276653171517
baseline_like,11,2025,91,random_forest_shallow,0.6824477895622858,0.24469713609853255,0.5522388059701493,737.0,0.6208053691275168,0.4043419267299864,0.618421052631579,0.10312075983717775,0.625,0.010854816824966078,0.6824477895622858,0.5522388059701493,0.0,0.0
baseline_like,11,2025,91,extra_trees,0.6828000460907127,0.24487380712033294,0.5603799185888738,737.0,0.6617647058823529,0.276797829036635,0.75,0.021709633649932156,,0.0,0.6824477895622858,0.5522388059701493,0.00035225652842685307,0.008141112618724522
baseline_like,11,2025,91,random_forest,0.6830811952120276,0.245006157180144,0.5630936227951153,737.0,0.5890804597701149,0.47218453188602444,0.6956521739130435,0.1248303934871099,0.5294117647058824,0.023066485753052916,0.6824477895622858,0.5522388059701493,0.0006334056497417917,0.01085481682496603
baseline_like,11,2026,91,random_forest,0.6832195697314313,0.24517085801797553,0.5474452554744526,274.0,0.6185567010309279,0.354014598540146,0.7894736842105263,0.06934306569343066,1.0,0.010948905109489052,0.6883191742598539,0.5182481751824818,-0.005099604528422619,0.029197080291970767
baseline_like,11,2026,91,random_forest_shallow,0.6883191742598539,0.2476803758041995,0.5182481751824818,274.0,0.5903614457831325,0.3029197080291971,0.8666666666666667,0.05474452554744526,1.0,0.0072992700729927005,0.6883191742598539,0.5182481751824818,0.0,0.0
baseline_like,11,2026,91,extra_trees,0.6914550054150921,0.24916864917950185,0.5218978102189781,274.0,0.5185185185185185,0.19708029197080293,0.6666666666666666,0.021897810218978103,1.0,0.0036496350364963502,0.6883191742598539,0.5182481751824818,0.003135831155238189,0.0036496350364962904
baseline_like,22,2022,91,random_forest_shallow,0.6875129827840124,0.247173188645358,0.5493133583021224,801.0,0.5791245791245792,0.3707865168539326,0.5416666666666666,0.0898876404494382,0.2857142857142857,0.008739076154806492,0.6875129827840124,0.5493133583021224,0.0,0.0
baseline_like,22,2022,91,extra_trees,0.6897521469025829,0.2483072612745072,0.5230961298377028,801.0,0.6111111111111112,0.1797752808988764,0.6666666666666666,0.018726591760299626,,0.0,0.6875129827840124,0.5493133583021224,0.0022391641185705025,-0.02621722846441954
baseline_like,22,2022,91,random_forest,0.691221694588319,0.24892221942973677,0.533083645443196,801.0,0.5658536585365853,0.5118601747815231,0.5850340136054422,0.18352059925093633,0.5588235294117647,0.04244694132334582,0.6875129827840124,0.5493133583021224,0.0037087118043065415,-0.01622971285892638
baseline_like,22,2023,91,random_forest_shallow,0.6900105237583041,0.24843428079749258,0.53,800.0,0.5542521994134897,0.42625,0.5742574257425742,0.12625,0.6666666666666666,0.015,0.6900105237583041,0.53,0.0,0.0
baseline_like,22,2023,91,extra_trees,0.6903105295276508,0.24859430323600656,0.52375,800.0,0.5625,0.26,0.782608695652174,0.02875,,0.0,0.6900105237583041,0.53,0.00030000576934674505,-0.006249999999999978
baseline_like,22,2023,91,random_forest,0.694237616946266,0.2504970948334123,0.52875,800.0,0.5380710659898477,0.4925,0.5540540540540541,0.185,0.5945945945945946,0.04625,0.6900105237583041,0.53,0.004227093187961883,-0.0012499999999999734
baseline_like,22,2024,91,random_forest_shallow,0.6908031858052128,0.2488437046466498,0.5344129554655871,741.0,0.5527950310559007,0.21727395411605938,0.6764705882352942,0.04588394062078273,0.6666666666666666,0.008097165991902834,0.6908031858052128,0.5344129554655871,0.0,0.0
baseline_like,22,2024,91,extra_trees,0.6915487225060636,0.24919679036789064,0.5155195681511471,741.0,0.5287356321839081,0.11740890688259109,0.3333333333333333,0.004048582995951417,,0.0,0.6908031858052128,0.5344129554655871,0.0007455367008507574,-0.018893387314440013
baseline_like,22,2024,91,random_forest,0.6957344759428353,0.25129803584016713,0.50472334682861,741.0,0.5130434782608696,0.31039136302294196,0.6341463414634146,0.0553306342780027,0.625,0.010796221322537112,0.6908031858052128,0.5344129554655871,0.004931290137622502,-0.029689608636977116
baseline_like,22,2025,91,random_forest_shallow,0.6829517843422538,0.24495726308777313,0.5468113975576662,737.0,0.5971731448763251,0.383989145183175,0.68,0.10176390773405698,0.7142857142857143,0.009497964721845319,0.6829517843422538,0.5468113975576662,0.0,0.0
baseline_like,22,2025,91,extra_trees,0.6834280075677875,0.24518515991098885,0.5495251017639078,737.0,0.6232558139534884,0.29172320217096337,0.8235294117647058,0.023066485753052916,,0.0,0.6829517843422538,0.5468113975576662,0.0004762232255337562,0.0027137042062416183
baseline_like,22,2025,91,random_forest,0.6848181332553315,0.24584834022333024,0.5386702849389416,737.0,0.5994152046783626,0.46404341926729986,0.6470588235294118,0.1383989145183175,0.5263157894736842,0.025780189959294438,0.6829517843422538,0.5468113975576662,0.0018663489130776867,-0.008141112618724522
baseline_like,22,2026,91,random_forest,0.685867869704767,0.24650122029674984,0.5218978102189781,274.0,0.5631067961165048,0.3759124087591241,0.7894736842105263,0.06934306569343066,0.8333333333333334,0.021897810218978103,0.6895679608364639,0.5,-0.003700091131696892,0.021897810218978075
baseline_like,22,2026,91,random_forest_shallow,0.6895679608364639,0.24829919426981242,0.5,274.0,0.5384615384615384,0.2846715328467153,0.7333333333333333,0.05474452554744526,1.0,0.0072992700729927005,0.6895679608364639,0.5,0.0,0.0
baseline_like,22,2026,91,extra_trees,0.6937147985495483,0.2502895541827976,0.5182481751824818,274.0,0.48333333333333334,0.21897810218978103,0.6,0.01824817518248175,1.0,0.0036496350364963502,0.6895679608364639,0.5,0.004146837713084439,0.018248175182481785
baseline_like,33,2022,91,random_forest_shallow,0.6883235927537055,0.24760413769478193,0.5405742821473158,801.0,0.5891238670694864,0.4132334581772784,0.6341463414634146,0.10237203495630462,0.5714285714285714,0.008739076154806492,0.6883235927537055,0.5405742821473158,0.0,0.0
baseline_like,33,2022,91,extra_trees,0.690086362442768,0.24847247936851735,0.5280898876404494,801.0,0.6267605633802817,0.1772784019975031,0.6,0.012484394506866416,,0.0,0.6883235927537055,0.5405742821473158,0.0017627696890625266,-0.012484394506866447
baseline_like,33,2022,91,random_forest,0.6930781735028627,0.24984444550395263,0.5230961298377028,801.0,0.5477386934673367,0.4968789013732834,0.6101694915254238,0.14731585518102372,0.46153846153846156,0.03245942571785269,0.6883235927537055,0.5405742821473158,0.0047545807491572445,-0.017478152309613026
baseline_like,33,2023,91,random_forest_shallow,0.689391645554941,0.24812613127058683,0.53375,800.0,0.5606060606060606,0.4125,0.5876288659793815,0.12125,0.6428571428571429,0.0175,0.689391645554941,0.53375,0.0,0.0
baseline_like,33,2023,91,extra_trees,0.6897149956445863,0.248293242565885,0.54,800.0,0.5586854460093896,0.26625,0.68,0.03125,,0.0,0.689391645554941,0.53375,0.0003233500896452357,0.006250000000000089
baseline_like,33,2023,91,random_forest,0.6920834456549099,0.24942932287529906,0.52375,800.0,0.549367088607595,0.49375,0.539568345323741,0.17375,0.6428571428571429,0.035,0.689391645554941,0.53375,0.002691800099968833,-0.009999999999999898
baseline_like,33,2024,91,random_forest_shallow,0.6912012345854196,0.24905494949256746,0.5195681511470985,741.0,0.5664739884393064,0.23346828609986506,0.7142857142857143,0.04723346828609987,0.8,0.006747638326585695,0.6912012345854196,0.5195681511470985,0.0,0.0
baseline_like,33,2024,91,extra_trees,0.6918412479142765,0.24934702503346323,0.5114709851551957,741.0,0.5617977528089888,0.12010796221322537,0.3333333333333333,0.004048582995951417,,0.0,0.6912012345854196,0.5195681511470985,0.000640013328856881,-0.0080971659919028
baseline_like,33,2024,91,random_forest,0.6965464109696893,0.2516981618586925,0.5006747638326585,741.0,0.5061728395061729,0.32793522267206476,0.6071428571428571,0.07557354925775979,0.6666666666666666,0.008097165991902834,0.6912012345854196,0.5195681511470985,0.005345176384269679,-0.018893387314440013
baseline_like,33,2025,91,random_forest_shallow,0.6824891865231572,0.24470689574415888,0.5590230664857531,737.0,0.6148648648648649,0.4016282225237449,0.6268656716417911,0.09090909090909091,0.6,0.0067842605156037995,0.6824891865231572,0.5590230664857531,0.0,0.0
baseline_like,33,2025,91,extra_trees,0.6827067636128259,0.24482604428552776,0.5400271370420624,737.0,0.6414141414141414,0.26865671641791045,0.75,0.016282225237449117,,0.0,0.6824891865231572,0.5590230664857531,0.00021757708966874123,-0.018995929443690662
baseline_like,33,2025,91,random_forest,0.6841961350516957,0.245533687086464,0.5508819538670285,737.0,0.592375366568915,0.4626865671641791,0.6082474226804123,0.13161465400271372,0.5555555555555556,0.024423337856173677,0.6824891865231572,0.5590230664857531,0.0017069485285385877,-0.008141112618724522
baseline_like,33,2026,91,random_forest,0.6850820506398893,0.2461291196240206,0.5364963503649635,274.0,0.5588235294117647,0.3722627737226277,0.8095238095238095,0.07664233576642336,1.0,0.021897810218978103,0.6879500652375902,0.5255474452554745,-0.0028680145977009186,0.010948905109488982
baseline_like,33,2026,91,random_forest_shallow,0.6879500652375902,0.24749846693605695,0.5255474452554745,274.0,0.5844155844155844,0.28102189781021897,0.7333333333333333,0.05474452554744526,1.0,0.010948905109489052,0.6879500652375902,0.5255474452554745,0.0,0.0
baseline_like,33,2026,91,extra_trees,0.6951759203134021,0.251028007462157,0.5,274.0,0.5084745762711864,0.21532846715328466,1.0,0.014598540145985401,1.0,0.0036496350364963502,0.6879500652375902,0.5255474452554745,0.007225855075811971,-0.025547445255474477
